{
	 "rootnode": {
		 "name": "RootNode"
		,"transformation": [
			 1
			,0
			,0
			,0
			,0
			,1
			,0
			,0
			,0
			,0
			,1
			,0
			,0
			,0
			,0
			,1
		]
		,"children": [
			{
				 "name": "Cube"
				,"transformation": [
					 100
					,0
					,0
					,0
					,0
					,-1.62921e-005
					,100
					,0
					,0
					,-100
					,-1.62921e-005
					,0
					,0
					,0
					,0
					,1
				]
				,"meshes": [
					 0
				]
			}
		]
	}
	,"flags": 8
	,"meshes": [
		{
			 "name": "Cube"
			,"materialindex": 0
			,"primitivetypes": 4
			,"vertices": [
				 1
				,1
				,1
				,-1
				,1
				,1
				,-1
				,-1
				,1
				,1
				,-1
				,1
				,1
				,-1
				,-1
				,1
				,-1
				,1
				,-1
				,-1
				,1
				,-1
				,-1
				,-1
				,-1
				,-1
				,-1
				,-1
				,-1
				,1
				,-1
				,1
				,1
				,-1
				,1
				,-1
				,-1
				,1
				,-1
				,1
				,1
				,-1
				,1
				,-1
				,-1
				,-1
				,-1
				,-1
				,1
				,1
				,-1
				,1
				,1
				,1
				,1
				,-1
				,1
				,1
				,-1
				,-1
				,-1
				,1
				,-1
				,-1
				,1
				,1
				,1
				,1
				,1
				,1
				,1
				,-1
			]
			,"normals": [
				 0
				,0
				,1
				,0
				,0
				,1
				,0
				,0
				,1
				,0
				,0
				,1
				,0
				,-1
				,0
				,0
				,-1
				,0
				,0
				,-1
				,0
				,0
				,-1
				,0
				,-1
				,0
				,0
				,-1
				,0
				,0
				,-1
				,0
				,0
				,-1
				,0
				,0
				,0
				,0
				,-1
				,0
				,0
				,-1
				,0
				,0
				,-1
				,0
				,0
				,-1
				,1
				,0
				,0
				,1
				,0
				,0
				,1
				,0
				,0
				,1
				,0
				,0
				,0
				,1
				,0
				,0
				,1
				,0
				,0
				,1
				,0
				,0
				,1
				,0
			]
			,"tangents": [
				 -1
				,0
				,0
				,-1
				,0
				,0
				,-1
				,0
				,0
				,-1
				,0
				,0
				,0
				,0
				,1
				,0
				,0
				,1
				,0
				,0
				,1
				,0
				,0
				,1
				,0
				,0
				,1
				,0
				,0
				,1
				,0
				,0
				,1
				,0
				,0
				,1
				,1
				,0
				,0
				,1
				,0
				,0
				,1
				,0
				,0
				,1
				,0
				,0
				,0
				,0
				,1
				,0
				,0
				,1
				,0
				,0
				,1
				,0
				,0
				,1
				,0
				,0
				,1
				,0
				,0
				,1
				,0
				,0
				,1
				,0
				,0
				,1
			]
			,"bitangents": [
				 0
				,1
				,0
				,0
				,1
				,0
				,0
				,1
				,0
				,0
				,1
				,0
				,1
				,0
				,0
				,1
				,0
				,0
				,1
				,0
				,0
				,1
				,0
				,0
				,0
				,-1
				,0
				,0
				,-1
				,0
				,0
				,-1
				,0
				,0
				,-1
				,0
				,0
				,1
				,0
				,0
				,1
				,0
				,0
				,1
				,0
				,0
				,1
				,0
				,0
				,1
				,0
				,0
				,1
				,0
				,0
				,1
				,0
				,0
				,1
				,0
				,-1
				,0
				,0
				,-1
				,0
				,0
				,-1
				,0
				,0
				,-1
				,0
				,0
			]
			,"numuvcomponents": [
				 2
			]
			,"texturecoords": [
				[
					 0.625
					,0.5
					,0.875
					,0.5
					,0.875
					,0.75
					,0.625
					,0.75
					,0.375
					,0.75
					,0.625
					,0.75
					,0.625
					,1
					,0.375
					,1
					,0.375
					,0
					,0.625
					,0
					,0.625
					,0.25
					,0.375
					,0.25
					,0.125
					,0.5
					,0.375
					,0.5
					,0.375
					,0.75
					,0.125
					,0.75
					,0.375
					,0.5
					,0.625
					,0.5
					,0.625
					,0.75
					,0.375
					,0.75
					,0.375
					,0.25
					,0.625
					,0.25
					,0.625
					,0.5
					,0.375
					,0.5
				]
			]
			,"faces": [
				[
					 0
					,1
					,2
				]
				,[
					 0
					,2
					,3
				]
				,[
					 4
					,5
					,6
				]
				,[
					 4
					,6
					,7
				]
				,[
					 8
					,9
					,10
				]
				,[
					 8
					,10
					,11
				]
				,[
					 12
					,13
					,14
				]
				,[
					 12
					,14
					,15
				]
				,[
					 16
					,17
					,18
				]
				,[
					 16
					,18
					,19
				]
				,[
					 20
					,21
					,22
				]
				,[
					 20
					,22
					,23
				]
			]
		}
	]
	,"materials": [
		{
			 "properties": [
				{
					 "key": "?mat.name"
					,"semantic": 0
					,"index": 0
					,"type": 3
					,"value": "Material"
				}
				,{
					 "key": "$clr.diffuse"
					,"semantic": 0
					,"index": 0
					,"type": 1
					,"value": [
						 0.8
						,0.8
						,0.8
					]
				}
				,{
					 "key": "$clr.ambient"
					,"semantic": 0
					,"index": 0
					,"type": 1
					,"value": [
						 0
						,0
						,0
					]
				}
				,{
					 "key": "$clr.specular"
					,"semantic": 0
					,"index": 0
					,"type": 1
					,"value": [
						 0.2
						,0.2
						,0.2
					]
				}
				,{
					 "key": "$mat.shinpercent"
					,"semantic": 0
					,"index": 0
					,"type": 1
					,"value": 36
				}
				,{
					 "key": "$mat.shininess"
					,"semantic": 0
					,"index": 0
					,"type": 1
					,"value": 36
				}
				,{
					 "key": "$tex.file"
					,"semantic": 1
					,"index": 0
					,"type": 3
					,"value": "texture.png"
				}
				,{
					 "key": "$tex.uvtrafo"
					,"semantic": 1
					,"index": 0
					,"type": 1
					,"value": [
						 0
						,0
						,1
						,1
						,0
					]
				}
				,{
					 "key": "$tex.uvwsrc"
					,"semantic": 1
					,"index": 0
					,"type": 4
					,"value": 0
				}
			]
		}
	]
}
